Timestamp,Month,Day
3/30/2016 12:22:18,May,4
3/30/2016 12:43:47,April,19
3/30/2016 12:46:46,December,22
3/30/2016 13:15:56,November,29
3/30/2016 13:32:04,February,6
3/30/2016 13:36:37,January,25
3/30/2016 14:03:52,November,16
3/30/2016 14:04:51,October,11
3/30/2016 14:05:57,September,28
3/30/2016 14:12:17,August,7
3/30/2016 14:29:08,July,11
3/30/2016 14:39:04,August,13
3/30/2016 15:01:25,October,24
3/30/2016 15:07:38,May,20
3/30/2016 15:07:52,June,13
3/30/2016 15:08:19,January,7
3/30/2016 15:08:29,January,29
3/30/2016 15:08:48,August,22
3/30/2016 15:08:59,November,26
3/30/2016 15:12:34,June,13
3/30/2016 15:17:15,May,21
3/30/2016 15:17:32,April,6
3/30/2016 15:24:27,August,17
3/30/2016 15:24:43,June,21
3/30/2016 15:24:57,November,27
3/30/2016 15:29:19,October,23
3/30/2016 15:31:12,October,15
3/30/2016 15:36:02,June,24
3/30/2016 15:43:58,March,20
3/30/2016 15:50:06,November,24
3/30/2016 16:15:11,September,19
3/30/2016 16:34:37,July,12